<!-- EXAMPLE FOR THE FOLLOWING METAR -->
<!-- KIAH 141953Z 01015KT 10SM OVC014 25/21 A2972 RMK AO2 SLP064 T02500206 -->

<?xml version="1.0" encoding="UTF-8"?>
<data>
  <location value="KIAH"/>
  <time day="14" time="1953" unit="Z">
  <automated value="False">

  <wind>
    <direction value="N" angle="10" unit="degrees"/>
    <speed value="15" unit="KT"/>
    <gust value="0" unit="KT"/>
  </wind>

  <visibility value="10" unit="SM"/>
    <rvr runway="None" shortDistance="None" longDistance="None" trend="None"/>
  </visibility>

  <!-- Todo: update this to be a bit more explicit. For now, keep as one string as shown on METAR -->
  <!-- i.e. -RA BR, VCTS, etc. -->
  <wxconditions value="None"/>

  <cloudcoverage>
    <layer coverage="Overcast" height="1400" unit="Feet"/>
    <layer coverage="None" height="None" unit="Feet"/>
    <layer coverage="None" height="None" unit="Feet"/>
    <layer coverage="None" height="None" unit="Feet"/>
  </cloudcoverage>

  <temperature value="25" unit="C">

  <dewpoint value="21" unit="C">

  <altimeter value="29.72" unit="In. Hg"/>

  <remarks value="RMK AO2 SLP064 T02500206"/>
</data>
